{
  "usuarios": [
    {
      "id": "1",
      "nome": "Doce Mel",
      "email": "docemel@sodoce.com.br",
      "senha": "brigadeiro123"
    }
  ],
  "produtos": [
    {
      "nome": "bolo",
      "descricao": "bolo de chocolate com cobertura de morango",
      "categoria": "Alimentos e Bebidas",
      "preco": "36.90",
      "imagemUrl": "https://i.ytimg.com/vi/3eGC-fXi2L0/hqdefault.jpg",
      "id": "a476"
    },
    {
      "nome": "refri",
      "descricao": "Refri de laranja",
      "categoria": "Bebidas",
      "preco": "7.00",
      "imagemUrl": "https://images.tcdn.com.br/img/img_prod/1115696/fanta_laranja_lata_350ml_6_und_39_1_ea7725d8f660b15a6ec56f3bf0af2b2b.jpg",
      "id": "c333"
    }
  ],
  "categorias": [
    {
      "id": "1",
      "nome": "Bolos"
    },
    {
      "id": "2",
      "nome": "Tortas"
    },
    {
      "id": "3",
      "nome": "Bebidas"
    },
    {
      "id": "4",
      "nome": "Pães e massas"
    },
    {
      "id": "5",
      "nome": "Doces e sobremesas"
    },
    {
      "id": "6",
      "nome": "Salgados"
    },
    {
      "id": "7",
      "nome": "Congelados e Pré-assados"
    }
  ]
}